Run_ID,Range_(Nmi),Fuel_Fraction,Wingspan,Spans,Sweeps,Root_Chords,Tip_Chords,Swet,Sref,Taper Ratios,Wing Section Areas,L_D_Cruise,CD0,CDi_Cruise,CDw_Cruise,CD_Total_Cruise,CL_Cruise,Alpha_Cruise,AR,Neutral Point,MTOW,Static_Margin,Section3_Stress_Pa,Stress_Ratio,Root_Moment_Sec3,Center of Gravity,Cost_Per_Hour
0,7000.0,0.3081820434034013,64.673803808392,[ 4.18000094  7.49000169 20.87000472],[65.         57.46000812 43.76001324],[44.89004066 32.98002987  7.86000712],[32.98002987  7.86000712  1.70000154],1548.9703632242836,830.9063404742427,[0.73468479 0.23832626 0.21628499],[162.74848421 152.94597311  99.75871291],25.38394938881788,0.004868978961118713,0.002912139175187641,0.00034790123610268104,0.008131020223145952,0.2063974058237915,0.896,5.033901771238246,24.555428,1435394.384,"[ 7.77185907 15.37406737 15.52147914 18.467726   18.57644326 18.63195341
 18.79992243 18.96487204 19.07530301 19.13167993]",669282232.3200941,1.1154703872001568,3829689.9449309246,"[22.6559607  20.79795659 20.76192868 20.04185649 20.01528564 20.00171878
 19.96066661 19.9203524  19.89336272 19.87958402]","{'fuel_cost_hr': np.float64(4153.040698185853), 'crew_cost_hr': 1288.888888888889, 'maintenance_cost_hr': 3939.602577284019, 'fee_cost_hr': 1142.6787192934034, 'insurance_cost_hr': np.float64(367.12363547623835), 'oil_cost_hr': np.float64(244.74909031749223), 'depreciation_cost_hr': np.float64(1101.370906428715), 'total_cost_hr': np.float64(12237.454515874611), 'fuel_casm': np.float64(0.029638780144535262), 'pilot_casm': 0.004123395307788377, 'fa_casm': 0.0050749480711241544, 'maintenance_mat_casm': 0.024689957943436435, 'maintenance_labor_casm': 0.0034255899480088044, 'airport_fee_casm': 0.004796995998302766, 'nav_fee_casm': 0.003357897198811936, 'insurance_casm': np.float64(0.0026200313236746887), 'oil_casm': np.float64(0.0017466875491164591), 'depreciation_casm': np.float64(0.007860093971024065), 'total_casm': np.float64(0.08733437745582295)}"
